{"stats":{"minecraft:used":{"minecraft:sign":4,"minecraft:crafting_table":1},"minecraft:custom":{"minecraft:jump":1,"minecraft:time_since_rest":875,"minecraft:leave_game":1,"minecraft:play_one_minute":875,"minecraft:time_since_death":875,"minecraft:walk_one_cm":4612,"minecraft:drop":2,"minecraft:interact_with_crafting_table":1},"minecraft:picked_up":{"minecraft:sign":1,"minecraft:oak_log":3,"minecraft:apple":1},"minecraft:crafted":{"minecraft:sign":3,"minecraft:crafting_table":1,"minecraft:stick":4,"minecraft:oak_planks":12},"minecraft:dropped":{"minecraft:apple":1,"minecraft:stick":3},"minecraft:mined":{"minecraft:sign":1,"minecraft:oak_log":3,"minecraft:oak_leaves":2}},"DataVersion":1631}